,Unnamed: 0,input,acp,output,origin
0,3,Only the business office manager and the dean can approve a project.,1.0,{decision: allow; subject: business office manager; action: approve; resource: project; purpose: none; condition: none | decision: allow; subject: dean; action: approve; resource: project; purpose: none; condition: none},collected
1,4,"No competitor to such paper shall resign, once he has already appointed a sub - reviewer for that paper.",1.0,{decision: deny; subject: competitor; action: resign; resource: none; condition: once he has already appointed a sub reviewer for that paper; purpose: none},collected_train
2,5,The patient’s MID can not be edited.,1.0,{decision: deny; subject: none; action: edit; resource: mid; purpose: none; condition: none},t2p
3,10,A patient or personal representative may view medical records including family history.,1.0,{decision: allow; subject: patient; action: view; resource: medical record; purpose: none; condition: none | decision: allow; subject: personal representative; action: view; resource: medical record; purpose: none; condition: none},t2p
4,12,"For each student on the list, the Professor enters a grade: A, B, C, D, F, or I.  The system records the student’s grade for the course offering.",1.0,{decision: allow; subject: professor; action: enter; resource: grade; purpose: none; condition: none | decision: allow; subject: system; action: record; resource: grade; purpose: none; condition: none},ibm
5,30,"The patient or personal representative can see an abbreviated health history of their siblings, parents, and both sets of grandparents for which MIDs are available in iTrust.",1.0,{decision: allow; subject: patient; action: see; resource: health history of their siblings; purpose: none; condition: none | decision: allow; subject: patient; action: see; resource: health history of their parents; purpose: none; condition: none | decision: allow; subject: patient; action: see; resource: health history of both sets of grandparents; purpose: none; condition: none | decision: allow; subject: personal representative; action: see; resource: abbreviated health history of their siblings; purpose: none; condition: none | decision: allow; subject: personal representative; action: see; resource: abbreviated health history of their parents; purpose: none; condition: none | decision: allow; subject: personal representative; action: see; resource: abbreviated health history of both sets of grandparents; purpose: none; condition: none},t2p
6,31,"The sending HCP then chooses a priority from 1-3 (1 is most important, 3 is least important) for the referral.",1.0,{decision: allow; subject: hcp; action: choose; resource: priority; purpose: none; condition: none},acre
7,38,"The law must prevent students from changing instructional schedules located within their schedule, and professors for modifying assigned course offerings from full professors.",1.0,{decision: deny; subject: students; action: change; resource: instructional schedules; purpose: none; condition: none | decision: deny; subject: professors; action: modify; resource: assigned course offerings; purpose: none; condition: none},collected_train
8,50,An HCP edits an office visit.,1.0,{decision: allow; subject: hcp; action: edit; resource: office visit; purpose: none; condition: none},t2p
9,53,An LHCP or patient or representative can modify and save his or her message displaying filter  or view his or her message inbox  including only the messages satisfying the specified filtering criteria in the saved filter.,1.0,{decision: allow; subject: lhcp; action: modify; resource: message displaying filter; purpose: none; condition: none | decision: allow; subject: patient; action: modify; resource: message displaying filter; purpose: none; condition: none | decision: allow; subject: representative; action: modify; resource: message displaying filter; purpose: none; condition: none | decision: allow; subject: lhcp; action: save; resource: message displaying filter; purpose: none; condition: none | decision: allow; subject: patient; action: save; resource: message displaying filter; purpose: none; condition: none | decision: allow; subject: representative; action: save; resource: message displaying filter; purpose: none; condition: none | decision: allow; subject: lhcp; action: view; resource: message inbox; purpose: none; condition: none | decision: allow; subject: patient; action: view; resource: message inbox; purpose: none; condition: none | decision: allow; subject: representative; action: view; resource: message inbox; purpose: none; condition: none},acre
10,66,"A patient can click the ""View Full Calendar"" link to view his appointments in the current month.",1.0,{decision: allow; subject: patient; action: click; resource: view full calendar link; purpose: view his appointments in the current month; condition: none},t2p
11,68,The administrator will maintain  a listing of allowable drugs that an HCP can use.,1.0,{decision: allow; subject: administrator; action: maintain; resource: listing of allowable drugs; purpose: none; condition: none},acre
12,70,The iTrust user has been authenticated in the iTrust Medical Records system (UC3).,1.0,{decision: allow; subject: none; action: authenticate; resource: itrust user; condition: none; purpose: none},acre
13,77,In case of an emergency any user should be able to trigger the evacuation alarm.,1.0,{decision: allow; subject: user; action: trigger; resource: evacuation alarm; condition: emergency; purpose: none},collected_train
14,85,"A user (a patient or personal health representative) views basic information about his or her designated LHCPs, including the name, phone number, and contact email information .",1.0,{decision: allow; subject: patient; action: view; resource: basic information; purpose: none; condition: none | decision: allow; subject: patient; action: view; resource: name of lhcp; purpose: none; condition: none | decision: allow; subject: patient; action: view; resource: phone number of lhcp; purpose: none; condition: none | decision: allow; subject: patient; action: view; resource: contact email; purpose: none; condition: none | decision: allow; subject: personal health representative; action: view; resource: basic information; purpose: none; condition: none | decision: allow; subject: personal health representative; action: view; resource: name of lhcp; purpose: none; condition: none | decision: allow; subject: personal health representative; action: view; resource: phone number of lhcp; purpose: none; condition: none | decision: allow; subject: personal health representative; action: view; resource: contact email; purpose: none; condition: none},acre
15,88,"A user (a patient, patient representative, or LHCP) can sort messages in his or her message inbox by either the sender's last name or timestamp (but not both) in either ascending or descending order (where timestamps in descending order would have the most recent first).",1.0,{decision: allow; subject: lhcp; action: sort; resource: message; purpose: none; condition: none | decision: allow; subject: patient; action: sort; resource: message; purpose: none; condition: none | decision: allow; subject: patient representative; action: sort; resource: message; purpose: none; condition: none},acre
16,89,"He can report the height, weight and pedometer reading for the patient.",1.0,{decision: allow; subject: he; action: report; resource: height; purpose: none; condition: none | decision: allow; subject: he; action: report; resource: weight; purpose: none; condition: none | decision: allow; subject: he; action: report; resource: pedometer reading; purpose: none; condition: none},t2p
17,106,"A patient, patient representative, or LHCP can sort messages in his message inbox by either the sender's last name or timestamp (but not both) in either ascending or descending order (where timestamps in descending order would have the most recent first).",1.0,{decision: allow; subject: patient; action: sort; resource: message; purpose: none; condition: none | decision: allow; subject: patient representative; action: sort; resource: message; purpose: none; condition: none | decision: allow; subject: lhcp; action: sort; resource: message; purpose: none; condition: none},t2p
19,146,Their main form of access is to view the care plan for each resident and to add progress note entries based on their observations.,1.0,{decision: allow; subject: they; action: view; resource: care plan for each resident; purpose: none; condition: none | decision: allow; subject: they; action: add; resource: progress note entry; purpose: none; condition: none},collected
20,160,The software source code can only be accessed by approved developers for maintenance purposes.,1.0,{decision: allow; subject: approved developers; action: access; resource: software source code; condition: none; purpose: maintenance purposes},collected_train
21,197,The HCP is notified if any of the fields contain characters that are not in the above list.,1.0,{decision: allow; subject: none; action: notify; resource: hcp; condition: if any of the fields contain characters that are not in the above list; purpose: none},acre
22,198,The administrator maintains a listing of allowable diagnoses.,1.0,{decision: allow; subject: administrator; action: maintain; resource: listing of allowable diagnoses; purpose: none; condition: none},t2p
23,203,Authors may never read scores.,1.0,{decision: deny; subject: author; action: read; resource: score; purpose: none; condition: none},collected
24,210,A hcp does not have the capacity to read his client's security information and password.,1.0,"{decision: deny; subject: hcp; action: read; resource: ""clients security information""; purpose: none; condition: none | decision: deny; subject: hcp; action: read; resource: ""clients password""; purpose: none; condition: none}",collected_train
26,223,"The LHCP, the patient or the representative clicks the ""Save"" button to save the modified filter.",1.0,{decision: allow; subject: lhcp; action: click; resource: save button; purpose: save the modified filter; condition: none | decision: allow; subject: patient; action: click; resource: save button; purpose: save the modified filter; condition: none | decision: allow; subject: representative; action: click; resource: “save” button; purpose: save the modified filter; condition: none},t2p
27,224,"When the HCP selects the ""Other"" reason, the HCP shall enter free-style text to provide the details for ""Other"" reasons.",1.0,"{decision: allow; subject: hcp; action: enter; resource: text; purpose: provide the details for ""other"" reasons; condition: when the HCP selects the other reason}",acre
28,241,You can also add medical notes about each resident that are not visible to the manager.,1.0,{decision: allow; subject: you; action: add; resource: medical notes about each resident; purpose: none; condition: none | decision: deny; subject: manager; action: view; resource: medical notes about each resident; purpose: none; condition: none},collected_train
29,277,"Through your electronic system, it is not allowed residents to connect to my network as long as they want.",1.0,{decision: deny; subject: residents; action: connect; resource: network; purpose: none; condition: none},collected_train
30,308,"The patient types a last name or partial last name, possibly and possibly providing the specialty.",1.0,{decision: allow; subject: patient; action: type; resource: last name; purpose: none; condition: none | decision: allow; subject: patient; action: type; resource: partial last name; purpose: none; condition: none | decision: allow; subject: patient; action: type; resource: specialty; purpose: none; condition: none},acre
31,318,The administrator is not allowed to delete an existing entry.,1.0,{decision: deny; subject: administrator; action: delete; resource: entry; purpose: none; condition: none},t2p
32,323,"The sending HCP must select a receiving HCP by either entering the HCP's MID and confirming the selection, or by searching for the HCP by name.",1.0,{decision: allow; subject: hcp; action: select; resource: hcp; purpose: none; condition: none},acre
33,324," ""The website visitors can only view public content and submit contact forms.""",1.0,{decision: allow; subject: website visitors; action: view; resource: public content; condition: none; purpose: none | decision: allow; subject: website visitors; action: submit; resource: contact forms; condition: none; purpose: none},collected_train
34,325,The patient is then able to write a textual description.,1.0,{decision: allow; subject: patient; action: write; resource: textual description; purpose: none; condition: none},t2p
35,355,The HCP may not have all the options to access the current security issue and password of the victims.,1.0,{decision: deny; subject: hcp; action: access; resource: current security issue; purpose: none; condition: none | decision: deny; subject: hcp; action: access; resource: password of the victims; purpose: none; condition: none},collected_train
36,367,Upon notice of allergies possibly and possibly interactions the HCP must either choose to proceed with the prescription  or cancel the prescription and remain on the office visit page.,1.0,{decision: allow; subject: hcp; action: proceed; resource: prescription; purpose: none; condition: upon notice of allergies possibly and possibly interactions | decision: allow; subject: hcp; action: cancel; resource: prescription; purpose: none; condition: upon notice of allergies possibly and possibly interactions | decision: allow; subject: hcp; action: remain; resource: office visit page; purpose: none; condition: upon notice of allergies possibly and possibly interactions},acre
37,370,The Registrar enters the professor id.,1.0,{decision: allow; subject: registrar; action: enter; resource: professor id; purpose: none; condition: none},ibm
38,372,"The HCP may sort the list of referrals by patient name, receiving HCP name, time generated, possibly and possibly priority.",1.0,{decision: allow; subject: hcp; action: sort; resource: list of referrals; purpose: none; condition: none},acre
39,376,A sending HCP cancels a previously sent patient referral .,1.0,{decision: allow; subject: hcp; action: cancel; resource: referral; purpose: none; condition: none},acre
40,391,System presents a list of pending referrals.,1.0,{decision: allow; subject: system; action: present; resource: list of pending referrals; purpose: none; condition: none},t2p
41,414,"The LHCP chooses to examine a patient for which the preconditions do not apply (e.g., an adult shouldn't be tested for child diabetes) and the LHCP is prompted that no analysis can occur.",1.0,{decision: allow; subject: lhcp; action: examine; resource: patient; purpose: none; condition: none},acre
42,416,It cannot approve projects that it has re-submitted.,1.0,{decision: deny; subject: it; action: approve; resource: projects that it has re-submitted or re-submitted; purpose: none; condition: none},collected_train
43,429,The HCP must proceed with the prescription.,1.0,{decision: allow; subject: hcp; action: proceed; resource: prescription; purpose: none; condition: none},t2p
44,439,"An administrator chooses to maintain the standards list for immunizations , diagnoses , allowable drugs , or allowable physical services .",1.0,{decision: allow; subject: administrator; action: maintain; resource: list for immunizations; purpose: none; condition: none | decision: allow; subject: administrator; action: maintain; resource: list for diagnoses; purpose: none; condition: none | decision: allow; subject: administrator; action: maintain; resource: list for drugs; purpose: none; condition: none | decision: allow; subject: administrator; action: maintain; resource: list for physical services; purpose: none; condition: none},acre
45,445,"(If a patient or personal resident has not yet completed his or her satisfaction survey for the visit to the office).This patient can complete the survey for each visit to the office (if the survey has already been completed, the person or personal health officer will not be able to see the survey).",1.0,{decision: allow; subject: patient; action: complete; resource: survey; purpose: visit to the office; condition: patient or personal resident has not yet completed his or her satisfaction survey for the visit to the office | decision: deny; subject: patient; action: see; resource: survey; purpose: none; condition: survey has already been completed | decision: deny; subject: personal health officer; action: see; resource: survey; purpose: none; condition: survey has already been completed},collected_train
46,459,"The iTrust user (Lab Technician, patient, or HCP) has been authenticated in the iTrust Medical Records system (UC3).",1.0,{decision: allow; subject: none; action: authenticate; resource: lab technician; condition: none; purpose: none | decision: allow; subject: none; action: authenticate; resource: patient; condition: none; purpose: none | decision: allow; subject: none; action: authenticate; resource: hcp; condition: none; purpose: none},acre
47,460,The pages of the reviewers are generated once by the maintainer when the paper distribution has been done.,1.0,{decision: allow; subject: maintainer; action: generate; resource: page; purpose: none; condition: paper distribution has been done},cyber
48,485,Employees should complete the mandatory cybersecurity training to enhance their awareness.,1.0,{decision: allow; subject: employees; action: complete; resource: mandatory cybersecurity training; condition: none; purpose: awareness enhancement},collected_train
49,486,The HCP can view a list of laboratory procedures and can update the status and comments.,1.0,{decision: allow; subject: hcp; action: view; resource: list of laboratory procedures; purpose: none; condition: none | decision: allow; subject: hcp; action: update; resource: status; purpose: none; condition: none | decision: allow; subject: hcp; action: update; resource: comments; purpose: none; condition: none},t2p
50,492,"Although you are not allowed to enter past medical records until a resident is admitted, you can subsequently see earlier entries in the records.",1.0,{decision: deny; subject: you; action: enter; resource: past medical records; purpose: none; condition: resident is admitted | decision: allow; subject: you; action: see; resource: earlier entries; purpose: none; condition: none},collected_train
51,496,All employees should sign a confidentiality agreement upon joining the company.,1.0,{decision: allow; subject: all employees; action: sign; resource: confidentiality agreement; condition: none; purpose: none},collected_train
52,500,The user can select a prescription from the calendar to read the prescription's details.,1.0,{decision: allow; subject: user; action: select; resource: prescription; purpose: read the prescription’s details; condition: none},t2p
53,522,HCPs can return to an office visit.,1.0,{decision: allow; subject: hcps; action: return; resource: office visit; purpose: none; condition: none},t2p
54,527,"The user selects a prescription from the calendar to read its details by clicking the ""Read Details"" link beside or below the medication displayed for the prescription.",1.0,{decision: allow; subject: user; action: select; resource: prescription; purpose: read its details; condition: none},t2p
55,567,An HCP can reassign a previously created lab procedure .,1.0,{decision: allow; subject: hcp; action: reassign; resource: lab procedure; purpose: none; condition: none},acre
56,577,A fake email is sent to the patient alerting the patient that a new message reply has arrived.,1.0,{decision: allow; subject: none; action: send; resource: fake email; purpose: none; condition: none},t2p
57,579,An HCP may document an office visit.,1.0,{decision: allow; subject: hcp; action: document; resource: office visit; purpose: none; condition: none},t2p
59,601,"The patient, UAP, or personal representative enters a systolic blood pressure outside the range 40-240 or a diastolic blood pressure outside the range 40-150.",1.0,{decision: allow; subject: patient; action: enter; resource: systolic blood pressure; purpose: none; condition: none | decision: allow; subject: patient; action: enter; resource: diastolic blood pressure; purpose: none; condition: none | decision: allow; subject: uap; action: enter; resource: systolic blood pressure; purpose: none; condition: none | decision: allow; subject: uap; action: enter; resource: diastolic blood pressure; purpose: none; condition: none | decision: allow; subject: personal representative; action: enter; resource: systolic blood pressure; purpose: none; condition: none | decision: allow; subject: personal representative; action: enter; resource: diastolic blood pressure; purpose: none; condition: none},acre
60,602,A public health agent selects a specific time period for which he would like to see a detailed listing of all adverse events related to prescription drugs or immunizations.,1.0,{decision: allow; subject: public health agent; action: select; resource: time period; purpose: see a detailed listing of all adverse events related to prescription drugs or immunizations; condition: none},t2p
61,615,"To change patients dispositions, pharmacy systems should never update medical records.",1.0,"{decision: deny; subject: pharmacy systems; action: update; resource: medical record; purpose: change patients ""dispositions; condition: none}",collected_train
62,620,Professors cannot change the lectures they give during the current semester.,1.0,{decision: deny; subject: professors; action: change; resource: lectures; purpose: none; condition: during the current semester},collected_train
63,637,"Similar to an administrator, a software tester is added by directly entering the software tester into the database by an administrator that has access to the database.",1.0,{decision: allow; subject: administrator; action: add; resource: software tester; purpose: none; condition: administrator has access to the database},acre
64,638,"The LHCP views a list of requests he or she has made for reports, with the status and pertinent information about the requests.",1.0,{decision: allow; subject: lhcp; action: view; resource: list of requests; purpose: none; condition: none | decision: allow; subject: lhcp; action: view; resource: status; purpose: none; condition: none | decision: allow; subject: lhcp; action: view; resource: information; purpose: none; condition: none},acre
65,642,Pharmacy systems should never read public records unless they are able to process basic medical orders.,1.0,{decision: deny; subject: pharmacy system; action: read; resource: public records; purpose: none; condition: they are able to process basic medical orders},collected_train
66,647,"The patient chooses ""My Expired Prescription Reports"" and is presented with a list of the patient's expired prescriptions , sorted by start date (the later date is ranked earlier closer to the top).",1.0,{decision: allow; subject: patient; action: choose; resource: my expired prescription reports; purpose: none; condition: none},acre
67,648,"The sending HCP then chooses to save the edits, cancel the edits, or re-enter the data .",1.0,{decision: allow; subject: sending hcp; action: save; resource: edit; purpose: none; condition: none | decision: allow; subject: hcp; action: cancel; resource: edit; purpose: none; condition: none | decision: allow; subject: hcp; action: reenter; resource: data; purpose: none; condition: none},acre
68,660,The health care personnel does not confirm the selection and is prompted to try again.,1.0,{decision: deny; subject: health care personnel; action: confirm; resource: selection; condition: none; purpose: none | decision: allow; subject: health care personnel; action: try; resource: again; condition: none; purpose: none},acre
69,664,"If the use case was successful, the professor information is added, updated, or deleted from the system.",1.0,{decision: allow; subject: none; action: add; resource: professor information; purpose: none; condition: use case was successful | decision: allow; subject: none; action: update; resource: professor information; purpose: none; condition: use case was successful | decision: allow; subject: none; action: delete; resource: professor information; purpose: none; condition: use case was successful},ibm
70,668,"A person, identified by his or her patient number, may read any record for which he or she is the designated patient.",1.0,{decision: allow; subject: person; action: read; resource: record; purpose: none; condition: none},collected
71,691,"For the patient, the HCP can choose height or weight to graph.",1.0,{decision: allow; subject: hcp; action: choose; resource: height; purpose: graph; condition: none | decision: allow; subject: hcp; action: choose; resource: weight; purpose: graph; condition: none},t2p
72,695,An HCP can create a lab procedure for a given office visit .,1.0,{decision: allow; subject: hcp; action: create; resource: lab procedure; purpose: none; condition: none},acre
73,703,"An LHCP or patient can click the ""View Appointment Calendar"" link to view his or her appointments in the current month displayed on a calendar for the current month .",1.0,"{decision: allow; subject: lhcp; action: click; resource: view appointment calendar link; purpose: view his or her appointments in the current month; condition: none | decision: allow; subject: patient; action: click; resource: “view appointment calendar"" link; purpose: view his or her appointments in the current month; condition: none}",acre
74,744,"System presents a listing of prescription drug-related adverse events for the time period that do not have a status of ""removed"", sorted by NDC.",1.0,{decision: allow; subject: system; action: present; resource: listing of prescription drug-related adverse events; purpose: none; condition: none},t2p
75,765,Management can report customer transactions if required by law.,1.0,{decision: allow; subject: management; action: report; resource: customer transaction; purpose: none; condition: none},collected
76,784,"The patient or personal representative can see patient personal health information, immunizations, and office visit information for their own records and the records for whom the user is a personal representative.",1.0,{decision: allow; subject: patient; action: see; resource: patient personal health information; purpose: none; condition: none | decision: allow; subject: patient; action: see; resource: immunizations; purpose: none; condition: none | decision: allow; subject: patient; action: see; resource: office visit information; purpose: none; condition: none | decision: allow; subject: personal representative; action: see; resource: patient personal health information; purpose: none; condition: none | decision: allow; subject: personal representative; action: see; resource: immunizations; purpose: none; condition: none | decision: allow; subject: personal representative; action: see; resource: office visit information; purpose: none; condition: none},t2p
77,802,"The patient chooses a specific referral from the list to view complete details about the referral: sending HCP name and specialty, receiving HCP name and specialty, time generated, priority, office visit date, and notes.",1.0,{decision: allow; subject: patient; action: choose; resource: referral; purpose: view complete details about the referral; condition: none},acre
79,824,one professional cannot review a project she or he has submitted.,1.0,{decision: deny; subject: professional; action: review; resource: project; purpose: none; condition: none},collected_train
80,828,An LHCP or UAP creates a list of patients (by MID) for which he or she will monitor remotely.,1.0,{decision: allow; subject: lhcp; action: create; resource: list of patients; purpose: none; condition: none | decision: allow; subject: uap; action: create; resource: list of patients; purpose: none; condition: none},t2p
81,832,An LHCP views a list of pending appointment requests.,1.0,{decision: allow; subject: lhcp; action: view; resource: list of pending appointment requests; purpose: none; condition: none},acre
82,846,The administrator is not allowed to change a reason or number in this access entry.,1.0,{decision: deny; subject: administrator; action: change; resource: reason; purpose: none; condition: none | decision: deny; subject: administrator; action: change; resource: number; purpose: none; condition: none},collected_train
83,851,The LHCP enters a patient medical identification number (MID)  and confirms his or her input .,1.0,{decision: allow; subject: lhcp; action: enter; resource: patient medical identification number; purpose: none; condition: none | decision: allow; subject: lhcp; action: confirm; resource: input; purpose: none; condition: none},acre
84,878,"When viewing the calendar, the user selects an appointment from the list to read comment by clicking the 'Read Comments' link beside the row for the appointment, and then the comment for the appointment shall be displayed in a new page .",1.0,{decision: allow; subject: user; action: select; resource: appointment; purpose: read comment; condition: none | decision: allow; subject: user; action: read; resource: comment; purpose: none; condition: none | decision: allow; subject: user; action: click; resource: read comments link; purpose: none; condition: none | decision: allow; subject: none; action: display; resource: comment; purpose: none; condition: none},acre
85,879,"If either a patient or a personal health officer has not provided a report on satisfaction with a visit to the doctor for a survey, the patient may not use the survey for a visit to the doctor.",1.0,{decision: deny; subject: patient; action: use; resource: survey; purpose: visit to the doctor; condition: either a patient or a personal health officer has not provided a report on satisfaction with a visit to the doctor for a survey},collected_train
86,883,"The patient is sent a ""fake email"" that the HCP has prescribed a medication that he or she is allergic to or that has a known interaction with a drug he or she is taking.",1.0,{decision: allow; subject: none; action: send; resource: fake email; purpose: none; condition: none},acre
87,885,Supervisor can not  execute the write a check use case.,1.0,{decision: deny; subject: supervisor; action: execute; resource: write a check use case; purpose: none; condition: none},collected
88,890,The administrator records a drug interaction between two prescription drugs.,1.0,{decision: allow; subject: administrator; action: record; resource: drug interaction; purpose: none; condition: none},t2p
89,891,"when the subject was a diploma, this would not permit that subject to affect grades.",1.0,{decision: deny; subject: subject; action: affect; resource: grades; purpose: none; condition: subject was a diploma},collected_train
90,895,Both patients and LHCPs can view a list of their upcoming appointments.,1.0,{decision: allow; subject: patient; action: view; resource: list of their upcoming appointments; purpose: none; condition: none | decision: allow; subject: lhcp; action: view; resource: list of their upcoming appointments; purpose: none; condition: none},t2p
91,898,The administrator can delete the interaction between the two drugs.,1.0,{decision: allow; subject: administrator; action: delete; resource: interaction; purpose: none; condition: none},t2p
92,905,The HCP has authenticated himself or herself in the iTrust Medical Records system (UC3).,1.0,{decision: allow; subject: hcp; action: authenticate; resource: hcp; condition: none; purpose: none},acre
93,915,"If a patient or personal health representative has not taken an office visit satisfaction survey for an office visit yet, the patient may also not review the survey for an alternate visit ( if that survey has finally been taken, its patient or personal health representative will not have the ability to perform the survey) ( below ).",1.0,{decision: deny; subject: patient; action: review; resource: survey; purpose: alternate visit; condition: patient or personal health representative has not taken an office visit satisfaction survey for an office visit yet | decision: deny; subject: patient; action: perform; resource: survey; purpose: none; condition: survey has finally been taken | decision: deny; subject: personal health representative; action: perform; resource: survey; purpose: none; condition: survey has finally been taken},collected_train
94,934,"A sending HCP cancels a previously sent patient referral by visiting the office visit page, viewing the details of a previously sent patient referral , and choosing cancel.",1.0,{decision: allow; subject: sending hcp; action: cancel; resource: referral; purpose: none; condition: none},acre
95,945,"To enter the review process, authors must send their paper to the Program Committee Chair (PCC).",1.0,{decision: allow; subject: author; action: send; resource: paper; purpose: enter the review process; condition: none},cyber
96,957,A patient or personal health representative  views his or her iTrust homepage.,1.0,{decision: allow; subject: patient; action: view; resource: itrust homepage; purpose: none; condition: none | decision: allow; subject: personal health representative; action: view; resource: itrust homepage; purpose: none; condition: none},acre
97,994,"Clerks can add and change the Name, the date of birth, the Address and the Postcode.",1.0,{decision: allow; subject: clerk; action: add; resource: name; purpose: none; condition: none | decision: allow; subject: clerk; action: add; resource: date of birth; purpose: none; condition: none | decision: allow; subject: clerk; action: add; resource: address; purpose: none; condition: none | decision: allow; subject: clerk; action: add; resource: postcode; purpose: none; condition: none | decision: allow; subject: clerk; action: change; resource: name; purpose: none; condition: none | decision: allow; subject: clerk; action: change; resource: date of birth; purpose: none; condition: none | decision: allow; subject: clerk; action: change; resource: address; purpose: none; condition: none | decision: allow; subject: clerk; action: change; resource: postcode; purpose: none; condition: none},collected
98,995,"(If a doctor or personal representative has not completed a satisfaction survey prior to an initial visit), the patient may not re-participate in the survey for an office visit (if another survey has already been conducted, the patient or personal health officer will not lose the ability to conduct the survey or view the survey he or she administers).",1.0,{decision: deny; subject: patient; action: re-participate; resource: survey; purpose: office visit; condition: doctor or personal representative has not completed a satisfaction survey prior to an initial visit | decision: deny; subject: patient; action: re-participate; resource: survey; purpose: office visit; condition: doctor or personal representative has not completed a satisfaction survey prior to an initial visit},collected_train
99,1011,The administrator will store information of a LOINC code (Logical Observation Identifiers Names and Codes (LOINC) is a database and universal standard for identifying medical laboratory observations.,1.0,{decision: allow; subject: administrator; action: store; resource: loinc code; purpose: none; condition: none},acre
100,1025,"An LHCP or patient can click the ""View Appointment Calendar"" link to view his appointments in the current month.",1.0,{decision: allow; subject: lhcp; action: click; resource: view appointment calendar link; purpose: view his appointments in the current month; condition: none | decision: allow; subject: patient; action: click; resource: view appointment calendar link; purpose: view his appointments in the current month; condition: none},t2p
101,1047,Supervisors can collect personal information if required by law.,1.0,{decision: allow; subject: supervisor; action: collect; resource: personal information; purpose: none; condition: none},collected
102,1049,The HCP selects reasons out from the nine reasons listed here for the overriding.,1.0,{decision: allow; subject: hcp; action: select; resource: reason; purpose: none; condition: none},t2p
103,1052,"For the diagnostic information that a hospital can restrict, he or she may not try to activate several licensed health professionals and then possibly other licensed public service personnel, possibly and possibly not.",1.0,{decision: deny; subject: he; action: activate; resource: licensed health professionals; purpose: diagnostic information; condition: none | decision: deny; subject: he; action: request; resource: licensed public service personels; purpose: diagnostic information; condition: none | decision: deny; subject: she; action: activate; resource: licensed health professionals; purpose: diagnostic information; condition: none | decision: deny; subject: she; action: request; resource: licensed public service personels; purpose: diagnostic information; condition: none},collected_train
104,1056," ""Only authorized developers can deploy code to the production environment.""",1.0,{decision: allow; subject: authorized developers; action: deploy; resource: code; condition: to the production environment; purpose: none},collected_train
105,1060,Note that the administrator in his system is not allowed to access his old entry in order to put each hospital ID number into an existing entry.,1.0,{decision: deny; subject: administrator; action: access; resource: old entry in; purpose: put each hospital id number into an existing entry; condition: none},collected_train
106,1065,The data for personnel can be edited according to Data Format.,1.0,{decision: allow; subject: none; action: edit; resource: data; purpose: none; condition: none},t2p
107,1080,"However, the HCP cannot have the exclusive option of editing the client's own question and password.",1.0,"{decision: deny; subject: hcp; action: edit; resource: ""clients own question""; purpose: none; condition: none | decision: deny; subject: hcp; action: edit; resource: ""clients own password""; purpose: none; condition: none}",collected_train
108,1095,"Admin have read and set the bonuses of ordinary employees, but not those of other managers via the media.",1.0,{decision: allow; subject: admin; action: read; resource: bonuses of ordinary employees; condition: none; purpose: none | decision: allow; subject: admin; action: set; resource: bonuses of ordinary employees; condition: none; purpose: none | decision: deny; subject: admin; action: read; resource: bonuses of other managers; condition: none; purpose: none | decision: deny; subject: admin; action: set; resource: bonuses of other managers; condition: none; purpose: none},collected_train
109,1103,The administrator should be able to read and modify the customer database for the purpose of data management.,1.0,{decision: allow; subject: administrator; action: read; resource: customer database; condition: none; purpose: data management | decision: allow; subject: administrator; action: modify; resource: customer database; condition: none; purpose: data management},collected_train
110,1110,The HCP can select a medication from a pull down list and add it to the list of medications the patient is allergic to.,1.0,{decision: allow; subject: hcp; action: select; resource: medication; purpose: none; condition: none | decision: allow; subject: hcp; action: add; resource: medication; purpose: none; condition: none},acre
111,1112,"When an LHCP views a list of his or her upcoming appointments, they are presented with an option to edit or remove the appointment.",1.0,{decision: allow; subject: lhcp; action: edit; resource: appointment; purpose: none; condition: lhcp views a list of his or her upcoming appointments | decision: allow; subject: lhcp; action: remove; resource: appointment; purpose: none; condition: lhcp views a list of his or her upcoming appointments},acre
112,1115,"every professor, but not the students, can review a work.",1.0,{decision: allow; subject: professor; action: review; resource: work; purpose: none; condition: none | decision: deny; subject: students; action: review; resource: work; purpose: none; condition: none},collected_train
113,1126,An HCP can add commentary to a pending lab procedure .,1.0,{decision: allow; subject: hcp; action: add; resource: commentary; purpose: none; condition: none},acre
114,1129,"If the use case was successful, student grades for a course offering are updated.",1.0,{decision: allow; subject: none; action: update; resource: student grades; purpose: none; condition: use case was successful},ibm
115,1136,"The administrator shall be allowed to assign a LHCP to multiple hospitals, and the administrator can choose among only the hospitals provided in the hospital list pull down menu.",1.0,{decision: allow; subject: administrator; action: assign; resource: lhcp; purpose: none; condition: none | decision: allow; subject: administrator; action: choose; resource: hospital; purpose: none; condition: none},acre
117,1140,The professor selects possibly and possibly de-selects the course offerings that he or she wishes to teach for the upcoming semester.,1.0,{decision: allow; subject: professor; action: select; resource: course offering; purpose: none; condition: none | decision: allow; subject: professor; action: de-select; resource: course offering; purpose: none; condition: none},ibm
118,1145,The iTrust user has authenticated himself or herself in the iTrust Medical Records system(UC3).,1.0,{decision: allow; subject: itrust user; action: authenticate; resource: itrust user; condition: none; purpose: none},acre
119,1146,The HCP is not allowed to process the patient's health files by password.,1.0,"{decision: deny; subject: hcp; action: process; resource: ""patients health files""; purpose: none; condition: none}",collected_train
120,1172,"Additionally, the HCP can document none, one, or more medications (NDC, see Data Format 6.6) prescribed ; none, one, or more lab procedures that are ordered (LOINC code, see Data Format 6.11)(UC26); none, one, or more diagnoses (via the ICD-9CM code); none, one, or more medical procedures (CPT code) performed; and none, one, or more immunizations given (CPT Code, see UC15, S1) chosen from appropriate pull-down lists.",1.0,{decision: allow; subject: hcp; action: document; resource: medication; purpose: none; condition: none | decision: allow; subject: hcp; action: document; resource: lab procedure; purpose: none; condition: none | decision: allow; subject: hcp; action: document; resource: diagnosis; purpose: none; condition: none | decision: allow; subject: hcp; action: document; resource: medical procedure; purpose: none; condition: none | decision: allow; subject: hcp; action: document; resource: immunization; purpose: none; condition: none},acre
121,1184,He or she can report the blood pressure (systolic and diastolic)  possibly and possibly glucose levels  for the patient.,1.0,{decision: allow; subject: he; action: report; resource: blood pressure; purpose: none; condition: none | decision: allow; subject: he; action: report; resource: glucose level; purpose: none; condition: none | decision: allow; subject: she; action: report; resource: blood pressure; purpose: none; condition: none | decision: allow; subject: she; action: report; resource: glucose level; purpose: none; condition: none},acre
122,1185,The administrator can select a particular pair of drugs and delete the interaction between the two drugs.,1.0,{decision: allow; subject: administrator; action: select; resource: drug; purpose: none; condition: none | decision: allow; subject: administrator; action: delete; resource: interaction; purpose: none; condition: none},acre
123,1198," If it loads drugs into the dispenser, however, it should not perform these operation.",1.0,{decision: deny; subject: it; action: perform; resource: operations; condition: it loads drugs into the dispenser; purpose: none},collected_train
124,1200,Professors cannot continue their courses after registration for our current semester is closed for the study break.,1.0,{decision: deny; subject: professors; action: continue; resource: courses; purpose: study break; condition: registration for our current semester is closed},collected_train
125,1209,A UAP can select to report height or weight or pedometer measurements.,1.0,{decision: allow; subject: uap; action: report; resource: height; purpose: none; condition: none | decision: allow; subject: uap; action: report; resource: weight; purpose: none; condition: none | decision: allow; subject: uap; action: report; resource: pedometer measurements; purpose: none; condition: none},acre
126,1231,Employees are required to complete the safety training course before accessing the construction site.,1.0,{decision: allow; subject: employee; action: complete; resource: safety training course; condition: before accessing the construction site.; purpose: none},collected_train
127,1236,"(Unless a patient or personal representative has not yet completed an approved survey to the satisfaction of their staff for an office visit), the patient may not conduct the survey for an actual visit.",1.0,{decision: deny; subject: patient; action: conduct; resource: survey; purpose: actual visit; condition: patient or personal representative has not yet completed an approved survey to the satisfaction of their staff for an office visit},collected_train
128,1241,Designated Licensed Health Care Professional (DLHCP): A licensed health care professional that is allowed by a particular patient to view all approved medical records.,1.0,{decision: allow; subject: designated licensed health care professional; action: view; resource: medical record; purpose: none; condition: none},acre
129,1245,"For the diagnostic licensing system that a patient must restrict, you, also known as them, cannot decide to request licensed physicians in public health, possibly and any other licensed medical professionals, possibly and perhaps no one.",1.0,{decision: deny; subject: patient; action: request; resource: designated licensed physicians; purpose: the diagnostic licensing system; condition: none | decision: deny; subject: patient; action: request; resource: licensed medical professionals; purpose: the diagnostic licensing system; condition: none},collected_train
130,1258,Staff can print on HP Laserjet 1.,1.0,{decision: allow; subject: staff; action: print; resource: hp laserjet 1; purpose: none; condition: none},collected
131,1260,"If the subject is a student, then do not permit that subject to assign grades.",1.0,{decision: deny; subject: subject; action: assign; resource: grade; purpose: none; condition: subject is a student},collected
132,1267,This use case allows a Student to register for course offerings in the current semester.,1.0,{decision: allow; subject: student; action: register; resource: course offering; purpose: none; condition: none},ibm
133,1268,A patient is added to the list by the LHCP or UAP through typing in the patient's MID or name.,1.0,{decision: allow; subject: lhcp; action: add; resource: patient; purpose: none; condition: none | decision: allow; subject: uap; action: add; resource: patient; purpose: none; condition: none},t2p
134,1274,Patient MID should be the number assigned when the patient is added to the system and cannot be edited if the patient is not present.,1.0,{decision: deny; subject: none; action: edit; resource: patient mid; purpose: none; condition: patient is not present | decision: allow; subject: none; action: assign; resource: patient mid; purpose: none; condition: patient is added},collected_train
135,1296," ""Writing to Resource F is prohibited for unauthorized subjects for any purpose.""",1.0,{decision: allow; subject: unauthorized subjects; action: write; resource: f; condition: none; purpose: any},collected_train
136,1306,The patient then chooses the beginning and end date for the period of time.,1.0,{decision: allow; subject: patient; action: choose; resource: beginning date; purpose: none; condition: none | decision: allow; subject: patient; action: choose; resource: end date; purpose: none; condition: none},t2p
137,1312,The iTrust user (patient or HCP) has been authenticated in the iTrust Medical Records system (UC3).,1.0,{decision: allow; subject: none; action: authenticate; resource: patient; condition: none; purpose: none | decision: allow; subject: none; action: authenticate; resource: hcp; condition: none; purpose: none},acre
138,1332,"The LHCP can view a prescription list for that patient, sorted by start date.",1.0,{decision: allow; subject: lhcp; action: view; resource: prescription list; purpose: none; condition: none},t2p
139,1335,The Close Registration processing cannot be performed if registration is in progress.,1.0,{decision: deny; subject: none; action: perform; resource: close registration processing; purpose: none; condition: registration is in progress},ibm
140,1337,CyberChair generates a paper distribution proposal for the PCC.,1.0,{decision: allow; subject: cyberchair; action: generate; resource: paper distribution proposal; purpose: none; condition: none},cyber
141,1354,"Doctors also cannot make private notes about the resident that, same as doctor-patient interactions, are not visible to the staff of specialized services.",1.0,{decision: deny; subject: doctors; action: make; resource: private notes about the resident; purpose: none; condition: none | decision: deny; subject: staff of specialized services; action: view; resource: doctor-patient interactions; purpose: none; condition: none},collected_train
142,1355,Note that the administrator is actually is unable to delete an existing entry when modify your reason id number with an object file.,1.0,{decision: deny; subject: administrator; action: delete; resource: existing entry; purpose: none; condition: modify your reason id number with an object file},collected_train
143,1372,"This system must prohibit researchers from changing their timetables earlier than their own, and prevent professors from writing new courses for other professors.",1.0,{decision: deny; subject: professors; action: write; resource: courses; purpose: none; condition: none | decision: deny; subject: researchers; action: change; resource: timetables; purpose: none; condition: none},collected_train
144,1374,The administrator will maintain a listing of allowable diagnoses that an LHCP can use.,1.0,{decision: allow; subject: administrator; action: maintain; resource: listing of allowable diagnoses; purpose: none; condition: none},acre
145,1375,A patient inputs his blood pressure or glucose levels.,1.0,{decision: allow; subject: patient; action: input; resource: blood pressure; purpose: none; condition: none | decision: allow; subject: patient; action: input; resource: glucose level; purpose: none; condition: none},t2p
146,1380,HCP cannot print or edit demographic information if the patient's security rating or password is approved in accordance with standard format 6.1.,1.0,"{decision: deny; subject: hcp; action: print; resource: demographic information; purpose: none; condition: ""patients security rating or password is approved in accordance with standard format 6.1"" | decision: deny; subject: hcp; action: edit; resource: demographic information; purpose: none; condition: ""patients security rating or password is approved in accordance with standard format 6.1""}",collected_train
147,1383,"Many PC users, with the exception of one or more authors of an essay, can know who the reviewers of a project are.",1.0,{decision: allow; subject: pc users; action: know; resource: reviewers of a project; purpose: none; condition: none | decision: deny; subject: authors of an essay; action: know; resource: reviewers of a project; purpose: none; condition: none},collected_train
148,1384,"In an electronic system, we cannot allow residents to connect to the network at any time, as long as they can only view their own data and not make arbitrary changes.",1.0,{decision: deny; subject: residents; action: connect; resource: network; purpose: none; condition: they can only view their own data and not make arbitrary changes},collected_train
149,1395,A patient can report physiologic measurements.,1.0,{decision: allow; subject: patient; action: report; resource: physiologic measurement; purpose: none; condition: none},t2p
150,1408,"At this point, the LHCP can view a prescription list for that patient , sorted by start date (the later date is ranked earlier).",1.0,{decision: allow; subject: lhcp; action: view; resource: prescription list; purpose: none; condition: none},acre
151,1416,"An administrator enters a LHCP, an ER, or a public healh agent.",1.0,{decision: allow; subject: administrator; action: enter; resource: lhcp; purpose: none; condition: none | decision: allow; subject: administrator; action: enter; resource: er; purpose: none; condition: none | decision: allow; subject: administrator; action: enter; resource: public health agent; purpose: none; condition: none},t2p
152,1423,A fake email is sent to the patient or representative alerting the patient or representative that a new message reply has arrived.,1.0,{decision: allow; subject: none; action: send; resource: fake email; purpose: none; condition: none},acre
153,1437,"While she was able to enter the medical records of the past and a resident is admitted, Carol cannot add other entries to each system.",1.0,{decision: allow; subject: carol; action: enter; resource: medical records of the past; purpose: none; condition: none | decision: deny; subject: carol; action: add; resource: other entries; purpose: none; condition: none},collected_train
154,1444,"The admin must specify a specialty for a new LHCP (general physician, heart surgeon, OB-GYN, pediatrician, surgeon) and for a new LT ( blood, tissue, or general).",1.0,{decision: allow; subject: admin; action: specify; resource: specialty for a new lhcp; purpose: none; condition: none | decision: allow; subject: admin; action: specify; resource: specialty for a new lt; purpose: none; condition: none},acre
155,1460,An LHCP views a list of his upcoming appointments.,1.0,{decision: allow; subject: lhcp; action: view; resource: upcoming appointment; purpose: none; condition: none},t2p
156,1481,"In case the ’expertise-value’ is equal, the reviewer with the least number of papers assigned so far ’gets’ the paper.",1.0,{decision: allow; subject: reviewer; action: get; resource: paper; purpose: none; condition: ’expertise-value’ is equal},cyber
157,1489,"The LHCP requests a comprehensive report for all patients with a specified gender, age, and diagnosis .",1.0,{decision: allow; subject: lhcp; action: request; resource: report; purpose: none; condition: none},acre
158,1495,"The input data, a timestamp, and the fact that the status was reported by ""case manager"" and their MID are saved.",1.0,{decision: allow; subject: none; action: save; resource: input data; purpose: none; condition: none | decision: allow; subject: none; action: save; resource: timestamp; purpose: none; condition: none | decision: allow; subject: none; action: save; resource: fact; purpose: none; condition: none | decision: allow; subject: none; action: save; resource: mid; purpose: none; condition: none},acre
159,1513,Employees are allowed to submit expense claims with a receipt as proof for reimbursement.,1.0,{decision: allow; subject: employees; action: submit; resource: expense claims; condition: none; purpose: reimbursement},collected_train
160,1519,"That system must keep students from choosing study schedules other on their own, and professors from modifying their course schedule for other professors.",1.0,{decision: deny; subject: students; action: choose; resource: study schedules; purpose: none; condition: none | decision: deny; subject: professors; action: modify; resource: course schedule; purpose: none; condition: none},collected_train
161,1522,A patient can select to report physiologic measurements for those whose at least one physiologic data type is specified to be under monitoring and for whom he or she is a patient representative.,1.0,{decision: allow; subject: patient; action: report; resource: physiologic measurement; purpose: none; condition: none},acre
162,1539,"The patient may type a last name or partial last name, and optionally reduces the list of choices by providing the specialty.",1.0,{decision: allow; subject: patient; action: type; resource: last name; purpose: none; condition: none | decision: allow; subject: patient; action: type; resource: partial last name; purpose: none; condition: none | decision: allow; subject: patient; action: reduce; resource: list of choices; purpose: none; condition: none},t2p
163,1540,"All PC members, with the exception of the authors of a paper, can know who the reviewers of that work are.",1.0,{decision: allow; subject: pc members; action: know; resource: reviewers of that work; purpose: none; condition: none | decision: deny; subject: authors of a paper; action: know; resource: reviewers of that work; purpose: none; condition: none},collected_train
164,1541,"If the administrator is responsible, he may not change the reason ID number to open an account.",1.0,{decision: deny; subject: administrator; action: change; resource: reason id number; purpose: open an account; condition: administrator is responsible},collected_train
165,1546,"The system must prevent students from continuing a program that is inferior to their degree, but also from changing certain course offerings or other professors.",1.0,{decision: deny; subject: students; action: continue; resource: program; purpose: none; condition: none | decision: deny; subject: students; action: change; resource: course offerings; purpose: none; condition: none | decision: deny; subject: students; action: change; resource: other professors; purpose: none; condition: none},collected_train
166,1552,A patient reports an event related to a prescription drug or immunization reaction.,1.0,{decision: allow; subject: patient; action: report; resource: event; purpose: none; condition: none},t2p
167,1564,"A patient, personal representative or LHCP views prescription reports.",1.0,{decision: allow; subject: patient; action: view; resource: prescription report; purpose: none; condition: none | decision: allow; subject: lhcp; action: view; resource: prescription report; purpose: none; condition: none | decision: allow; subject: personal representative; action: view; resource: prescription report; purpose: none; condition: none},t2p
168,1596,An LHCP or UAP can add patients from his monitoring list.,1.0,{decision: allow; subject: lhcp; action: add; resource: patient; purpose: none; condition: none | decision: allow; subject: uap; action: add; resource: patient; purpose: none; condition: none},t2p
169,1611,The system shall append 20 more activities to the end of the currently listed activities on the same page.,1.0,{decision: allow; subject: system; action: append; resource: activity; condition: none; purpose: none},acre
170,1615,"In the list of in transit lab procedures , the Lab Technician can update the status to received when the sample has been received in his or her lab.",1.0,{decision: allow; subject: lab technician; action: update; resource: status; purpose: none; condition: in the list of in transit lab procedures},acre
171,1619,A reviewer of a work may resign unless he has already appointed a sub-reviewer for the work.,1.0,{decision: deny; subject: reviewer of a work; action: resign; resource: none; purpose: none; condition: he has already appointed a sub-reviewer for the work},collected_train
172,1645,A patient may view his or her own lab procedure results .,1.0,{decision: allow; subject: patient; action: view; resource: lab procedure result; purpose: none; condition: none},acre
173,1656,Practitioners cannot  add private notes about a resident.,1.0,{decision: deny; subject: practitioners; action: add; resource: private notes about a resident; purpose: none; condition: none},collected_train
174,1661,"Customer Service Reps, Pharmacists, and Billing Reps can collect and use customer name and e-mail addresses.",1.0,{decision: allow; subject: pharmacist; action: collect; resource: customer name; purpose: none; condition: none | decision: allow; subject: pharmacist; action: collect; resource: e-mail address; purpose: none; condition: none | decision: allow; subject: pharmacist; action: use; resource: customer name; purpose: none; condition: none | decision: allow; subject: pharmacist; action: use; resource: e-mail address; purpose: none; condition: none | decision: allow; subject: billing rep; action: collect; resource: customer name; purpose: none; condition: none | decision: allow; subject: billing rep; action: collect; resource: e-mail address; purpose: none; condition: none | decision: allow; subject: billing rep; action: use; resource: customer name; purpose: none; condition: none | decision: allow; subject: billing rep; action: use; resource: e-mail address; purpose: none; condition: none | decision: allow; subject: customer service rep; action: collect; resource: customer name; purpose: none; condition: none | decision: allow; subject: customer service rep; action: collect; resource: e-mail address; purpose: none; condition: none | decision: allow; subject: customer service rep; action: use; resource: customer name; purpose: none; condition: none | decision: allow; subject: customer service rep; action: use; resource: e-mail address; purpose: none; condition: none},collected
175,1664,A LHCP reviews the consultation.,1.0,{decision: allow; subject: lhcp; action: review; resource: consultation; purpose: none; condition: none},t2p
176,1672,The system displays a list of course offerings the Professor taught in the previous semester.,1.0,{decision: allow; subject: system; action: display; resource: list of course offerings; purpose: none; condition: none},ibm
177,1677,"All users are given read or write access to objects only of the same classification (a ""secret"" user can only read or write to a secret document).",1.0,{decision: allow; subject: user; action: read; resource: object; purpose: none; condition: none | decision: allow; subject: user; action: write; resource: objects; purpose: none; condition: none | decision: allow; subject: secret user; action: read; resource: secret document; purpose: none; condition: none | decision: allow; subject: secret user; action: write; resource: secret document; purpose: none; condition: none},collected
178,1680,The LHCP is unable to process or remove previous appointments.,1.0,{decision: deny; subject: lhcp; action: process; resource: previous appointments; purpose: none; condition: none | decision: deny; subject: lhcp; action: remove; resource: previous appointments; purpose: none; condition: none},collected_train
179,1702,A manager should be able to access the financial reports to analyze the company's performance.,1.0,"{decision: allow; subject: manager; action: access; resource: financial reports; condition: none; purpose: ""analyze the companys performance""}",collected_train
180,1703," ""Only managers and supervisors can access performance reports of their respective teams.""",1.0,{decision: allow; subject: managers; action: access; resource: performance reports; condition: none; purpose: none | decision: allow; subject: supervisors; action: access; resource: performance reports; condition: none; purpose: none},collected_train
181,1732,To complete the registration process the applicant must provide a valid email address.,1.0,{decision: allow; subject: applicant; action: provide; resource: email address; condition: none; purpose: complete the registration process},collected_train
182,1736,"The HCP must provide instructions, or else they cannot add the prescription.",1.0,{decision: allow; subject: hcp; action: provide; resource: instruction; purpose: none; condition: none | decision: deny; subject: hcp; action: add; resource: prescription; purpose: none; condition: none},t2p
183,1737,A user enters their MID and their password to gain role-based entry into the iTrust Medical Records system  or requests that their password be changed .,1.0,{decision: allow; subject: user; action: enter; resource: mid; purpose: gain role-based entry into the itrust medical records system; condition: none | decision: allow; subject: user; action: enter; resource: password; purpose: gain role-based entry into the itrust medical records system; condition: none | decision: allow; subject: user; action: request; resource: password; purpose: change; condition: none},acre
184,1740,Another physician then should not read the resident\'s doctor medical records to protect confidentiality ( then continues to obtain private notes regarding the resident ’ s resident doctor ).,1.0,{decision: deny; subject: another physician; action: read; resource: residents doctor medical records; purpose: protect confidentiality; condition: none | decision: deny; subject: another physician; action: obtain; resource: private notes; purpose: protect confidentiality; condition: none},collected_train
185,1741,"The HCP must enter this message to the person concerned, but is restricted to enter or edit this information.",1.0,{decision: allow; subject: hcp; action: enter; resource: message; purpose: none; condition: none | decision: deny; subject: hcp; action: enter; resource: information; purpose: none; condition: none | decision: deny; subject: hcp; action: edit; resource: information; purpose: none; condition: none},collected_train
186,1750,The LHCP must confirm the delete.,1.0,{decision: allow; subject: lhcp; action: confirm; resource: delete; purpose: none; condition: none},t2p
187,1755,"If the publisher allows electronic versions, the maintainer should send or upload the proceedings, for further preparation by the publisher.",1.0,{decision: allow; subject: maintainer; action: send; resource: proceeding; purpose: further preparation by the publisher; condition: publisher allows electronic versions | decision: allow; subject: maintainer; action: upload; resource: proceeding; purpose: further preparation by the publisher; condition: publisher allows electronic versions},cyber
188,1758,The patient can view contact information of a selected LHCP shown in the expired prescription list.,1.0,{decision: allow; subject: patient; action: view; resource: contact information; purpose: none; condition: none},t2p
189,1796,The representative views his message inbox.,1.0,{decision: allow; subject: representative; action: view; resource: message inbox; purpose: none; condition: none},t2p
190,1802,"The input data, a timestamp, and the fact that the status was reported by ""patient representative"" and his or her MID are saved.",1.0,{decision: allow; subject: none; action: save; resource: input data; purpose: none; condition: none | decision: allow; subject: none; action: save; resource: timestamp; purpose: none; condition: none | decision: allow; subject: none; action: save; resource: fact; purpose: none; condition: none | decision: allow; subject: none; action: save; resource: mid; purpose: none; condition: none},acre
191,1803,A non-editor resigns unless he has already completed his review.,1.0,{decision: allow; subject: non-editor; action: resign; resource: none; purpose: none; condition: he has already completed his review},collected_train
192,1804,The maintainer should make sure that enough disk space is available to store the papers.,1.0,{decision: allow; subject: maintainer; action: make; resource: disk space; condition: none; purpose: none},cyber
193,1829,The doctor will then have temporary access to the resident's medical records (but not to the private notes of the resident's ordinary doctor).,1.0,{decision: allow; subject: doctor; action: access; resource: residents medical records; purpose: none; condition: none | decision: deny; subject: doctor; action: access; resource: private notes of the residents ordinary doctor; purpose: none; condition: none},collected_train
194,1833,"The patient selects the type of appointment from a pull-down menu of the existing appointment types, enter the appointment date and start time (only a date or time equal or after the current date or time is allowed).",1.0,{decision: allow; subject: patient; action: select; resource: type of appointment; purpose: none; condition: none | decision: allow; subject: patient; action: enter; resource: appointment date; purpose: none; condition: none | decision: allow; subject: patient; action: enter; resource: start time; purpose: none; condition: none},acre
195,1842,The patient can select a diagnosis and will be presented with the LHCPs in the patient's living area (based upon the first three numbers of their zip code) who have handled this diagnosis in the last three years.,1.0,{decision: allow; subject: patient; action: select; resource: diagnosis; purpose: none; condition: none},acre
196,1864,The user can select an appointment from the calendar to read the appointment's details.,1.0,{decision: allow; subject: user; action: select; resource: appointment; purpose: read the appointments details; condition: none},t2p
197,1887,All members of FACULTY can ASSIGN both INTERNALGRADES and EXTERNALGRADES.,1.0,{decision: allow; subject: member of faculty; action: assign; resource: externalgrades; purpose: none; condition: none | decision: allow; subject: member of faculty; action: assign; resource: internalgrades; purpose: none; condition: none},collected
198,1893,An LHCP chooses to send a message to a patient or representative (no multiple recipients allowed in a single message).,1.0,{decision: allow; subject: lhcp; action: send; resource: message; purpose: none; condition: none},acre
199,1894,"During the submission phase, an author may submit a paper.",1.0,{decision: allow; subject: author; action: submit; resource: paper; purpose: none; condition: during the submission phase},collected
200,1911,doctors additionally should not provide specific notes about every resident.,1.0,{decision: deny; subject: doctors; action: provide; resource: specific notes about every resident; purpose: none; condition: none},collected_train
201,1913,Students cannot remain in degree offerings after eligibility for this current semester has been closed.,1.0,"{decision: deny; subject: students; action: remain; resource: degree offerings; purpose: none; condition: after eligibility for this current semester has been closed""}",collected_train
202,1943,The representative types the subject and the text of a message.,1.0,{decision: allow; subject: representative; action: type; resource: subject; purpose: none; condition: none | decision: allow; subject: representative; action: type; resource: text of a message; purpose: none; condition: none},t2p
203,1947,A sending HCP edits a previously sent patient referral .,1.0,{decision: allow; subject: hcp; action: edit; resource: referral; purpose: none; condition: none},acre
204,1964,The TA is prohibited to read the assigned internal or non-external grades (tc must take full responsibility for solving its problems) for the pupose of changing.,1.0,{decision: deny; subject: ta; action: read; resource: assigned internal grades; purpose: change; condition: none | decision: deny; subject: ta; action: read; resource: non-external grades; purpose: change; condition: none},collected_train
205,1967,"If a patient or Personal Progress Officer has completed only one survey on satisfaction with the doctor's visit as an office assignment, the patient may not complete the survey during a visit to the doctor.",1.0,"{decision: deny; subject: patient; action: complete; resource: survey; purpose: none; condition: ""patient or Personal Progress Officer has completed only one survey on satisfaction with the doctors visit as an office assignment""}",collected_train
206,1968,The table of contents and author index of the proceedings are generated by CyberChair and the camera-ready papers are prepared for electronic delivery to the publisher.,1.0,{decision: allow; subject: cyberchair; action: generate; resource: table of content; purpose: none; condition: none | decision: allow; subject: cyberchair; action: generate; resource: author index; purpose: none; condition: none | decision: allow; subject: cyberchair; action: prepare; resource: camera-ready paper; purpose: electronic delivery to the publisher; condition: none},cyber
207,1972,"A deactivated patient can not modified or log into the system, and can only be reactivated by the administrator.",1.0,{decision: deny; subject: none; action: modify; resource: deactivated patient; purpose: none; condition: none | decision: deny; subject: deactivated patient; action: log; resource: system; purpose: none; condition: none | decision: allow; subject: administrator; action: reactivate; resource: deactivated patient; purpose: none; condition: none},acre
208,1974,The licensed health care professional making a diagnosis determines if a patient is granted the ability to restrict viewing of the diagnosis.,1.0,{decision: allow; subject: licensed health care professional; action: determine; resource: ability; purpose: none; condition: none},acre
209,1977,The LHCP enters and confirms the patient or representative's MID .,1.0,{decision: allow; subject: lhcp; action: enter; resource: patients mid; purpose: none; condition: none | decision: allow; subject: lhcp; action: enter; resource: representatives mid; purpose: none; condition: none | decision: allow; subject: lhcp; action: confirm; resource: patients mid; purpose: none; condition: none | decision: allow; subject: lhcp; action: confirm; resource: representatives mid; purpose: none; condition: none},acre
210,1979,"Users can view an Owner's account, but not make changes",1.0,{decision: allow; subject: user; action: view; resource: owner account; purpose: none; condition: none | decision: deny; subject: user; action: change; resource: owner account; purpose: none; condition: none},collected
211,1987,"An LHCP, patient or representative can modify his ""messagedisplayingfilter"" by modifying the following filtering criteria.",1.0,"{decision: allow; subject: lhcp; action: modify; resource: ""messagedisplayingfilter”; purpose: none; condition: none | decision: allow; subject: patient; action: modify; resource: ""messagedisplayingfilter”; purpose: none; condition: none | decision: allow; subject: representative; action: modify; resource: ""messagedisplayingfilter”; purpose: none; condition: none}",t2p
212,1989,"In the current paper system, all the information stored about a resident is accessible to the resident by arrangement with the manager.",1.0,{decision: allow; subject: resident; action: access; resource: information; condition: none; purpose: none},collected
213,1991,The LHCP clicks this number to view the physiologic data monitoring details of his or her patients for the current date.,1.0,{decision: allow; subject: lhcp; action: click; resource: number; purpose: view the physiologic data monitoring details; condition: none},acre
214,2003,"If the subject is a student, subject should not to take this class off the grades.",1.0,{decision: deny; subject: subject; action: take; resource: class; condition: subject is a student; purpose: none},collected_train
215,2014,The system requests that the Registrar enter the professor id.,1.0,{decision: allow; subject: registrar; action: enter; resource: professor id; purpose: none; condition: none},ibm
216,2044,"By default, the messages in the message inbox should be ordered by timestamp, the most recent first.",1.0,{decision: allow; subject: none; action: order; resource: message; purpose: none; condition: none},t2p
217,2047,The administrator is generally not permitted to delete unauthorized entries.,1.0,{decision: deny; subject: administrator; action: delete; resource: unauthorized entries; purpose: none; condition: none},collected_train
218,2050,For administrative purposes any authenticated user can delete Resource C.,1.0,{decision: allow; subject: authenticated user; action: delete; resource: c; condition: none; purpose: administrative purposes},collected_train
219,2058,"The patient may sort the list of referrals by receiving HCP name, time generated, possibly and possibly priority.",1.0,{decision: allow; subject: patient; action: sort; resource: list of referrals; purpose: none; condition: none},acre
220,2076,"The HCP confirms the reassignment, or cancels the reassignment .",1.0,{decision: allow; subject: hcp; action: confirm; resource: reassignment; purpose: none; condition: none | decision: allow; subject: hcp; action: cancel; resource: reassignment; purpose: none; condition: none},acre
222,2098," ""Only users with the role of 'supervisor' can create new project tasks.""",1.0,{decision: allow; subject: users with the role of supervisor; action: create; resource: new project tasks; condition: none; purpose: none},collected_train
223,2124,The patient can choose to click this link.,1.0,{decision: allow; subject: patient; action: click; resource: link; condition: none; purpose: none},acre
224,2134,CyberChair provides web pages for the reviewers to indicate their preference for papers they would like to review.,1.0,{decision: allow; subject: cyberchair; action: provide; resource: webpage; purpose: indicate reviewer’s preference for papers they would like to review; condition: none},cyber
225,2138,Doctors may also add private information about a resident that cannot be written by medical training assistants.,1.0,{decision: allow; subject: doctors; action: add; resource: private information about a resident; purpose: none; condition: none | decision: deny; subject: medical training assistant; action: write; resource: private information about a resident; purpose: none; condition: none},collected_train
226,2150,The HCP types an invalid medical identification number and is prompted to try again.,1.0,{decision: allow; subject: hcp; action: type; resource: invalid medical identification number; condition: none; purpose: none | decision: allow; subject: hcp; action: try; resource: again; condition: none; purpose: none},acre
227,2152,The reviewer of a paper can assign the paper to be sub-reviewed by an agent who is not an author of the paper and has not been assigned the same paper by another reviewer.,1.0,{decision: allow; subject: reviewer; action: assign; resource: paper; purpose: be sub-reviewed by an agent who is not an author of the paper and has not been assigned the same paper by another reviewer; condition: none},collected
228,2160,System presents a listing of patients for whom they are a DLHCP who need care because of satisfying the one of preceding conditions.,1.0,{decision: allow; subject: system; action: present; resource: listing of patients; purpose: none; condition: none},t2p
229,2179,"A patient, patient representative, or LHCP clicks this number to view his message inbox.",1.0,{decision: allow; subject: patient; action: click; resource: number; purpose: view his message inbox; condition: none | decision: allow; subject: patient representative; action: click; resource: number; purpose: view his message inbox; condition: none | decision: allow; subject: lhcp; action: click; resource: number; purpose: view his message inbox; condition: none},t2p
230,2182,System presents a listing of all immunizations for which he has been administered in the last 12 months.,1.0,{decision: allow; subject: system; action: present; resource: listing of all immunizations; purpose: none; condition: none},t2p
231,2185,An LHCP  views his or her iTrust homepage.,1.0,{decision: allow; subject: lhcp; action: view; resource: itrust homepage; purpose: none; condition: none},acre
232,2188,"If a course offering becomes full while a student is building a schedule including that offering, the student must be notified.",1.0,{decision: allow; subject: none; action: notify; resource: student; purpose: none; condition: course offering becomes full while a student is building a schedule including that offering},ibm
233,2192,Another HCP must not be able to access the patient's personal question by password.,1.0,"{decision: deny; subject: hcp; action: access; resource: ""patients personal question""; purpose: none; condition: none}",collected_train
234,2200,The patient is also provided with the option to send a message to the receiving HCP to request that an appointment be scheduled.,1.0,{decision: allow; subject: patient; action: send; resource: message; purpose: request that an appointment be scheduled; condition: none},acre
235,2213,"In both cases, system presents the name of the patient.",1.0,{decision: allow; subject: system; action: present; resource: name; purpose: none; condition: none},t2p
236,2218,"The HCP chooses a specific referral from the list to view complete details about the referral: patient name, receiving HCP name and specialty, time generated, priority, office visit date, and notes.",1.0,{decision: allow; subject: hcp; action: choose; resource: referral; purpose: view complete details about the referral; condition: none},acre
237,2228,HCP must enter a patient's MID and then enter or edit demographic information other than the patient's security question or password in accordance with data format 6.1.,1.0,"{decision: allow; subject: hcp; action: enter; resource: ""patients mid""; purpose: none; condition: none | decision: allow; subject: patient; action: enter; resource: demographic information; purpose: none; condition: none | decision: allow; subject: patient; action: edit; resource: demographic information; purpose: none; condition: none | decision: deny; subject: patient; action: enter; resource: first question; purpose: none; condition: none | decision: deny; subject: patient; action: edit; resource: first question; purpose: none; condition: none | decision: deny; subject: patient; action: enter; resource: password; purpose: none; condition: none | decision: deny; subject: patient; action: edit; resource: password; purpose: none; condition: none}",collected_train
238,2235,"He or she can report his or her daily height (in the format of digits XXXX with the units of ""feet""), daily weight (in the format of digits X with units of ""lbs""), possibly and possibly pedometer readings (in the format of up to 10 digits of integer with units of ""footsteps"") .",1.0,{decision: allow; subject: he; action: report; resource: height; purpose: none; condition: none | decision: allow; subject: he; action: report; resource: weight; purpose: none; condition: none | decision: allow; subject: he; action: report; resource: pedometer reading; purpose: none; condition: none | decision: allow; subject: she; action: report; resource: height; purpose: none; condition: none | decision: allow; subject: she; action: report; resource: weight; purpose: none; condition: none | decision: allow; subject: she; action: report; resource: pedometer reading; purpose: none; condition: none},acre
239,2241,The LHCP opens the message to which he or she wishes to reply.,1.0,{decision: allow; subject: lhcp; action: open; resource: message; purpose: reply; condition: none},t2p
240,2258,System presents a listing of all his patients.,1.0,{decision: allow; subject: system; action: present; resource: listing of all his patients; purpose: none; condition: none},t2p
241,2260,A public health agent sees trends in adverse events relate to prescription drugs or immunizations.,1.0,{decision: allow; subject: public health agent; action: see; resource: trends in adverse events related to prescription drugs; purpose: none; condition: none | decision: allow; subject: public health agent; action: see; resource: trends in adverse events related to immunizations; purpose: none; condition: none},t2p
242,2261,A PC member can resign his membership.,1.0,{decision: allow; subject: pc member; action: resign; resource: membership; purpose: none; condition: none},collected
243,2262,An LHCP selects to view additional information for a patient.,1.0,{decision: allow; subject: lhcp; action: view; resource: information; purpose: none; condition: none},acre
244,2264,An LHCP views the number of submitted weight data monitoring reports of his patients for the current date.,1.0,{decision: allow; subject: lhcp; action: view; resource: number of submitted weight data monitoring reports; purpose: none; condition: none},t2p
245,2273,A user with administrator privileges should be able to delete files in the system.,1.0,{decision: allow; subject: user; action: delete; resource: file; condition: none; purpose: none},collected_train
246,2275," ""For security reasons access to Resource K is limited to authorized administrators.""",1.0,{decision: allow; subject: authorized administrators; action: access; resource: k; condition: none; purpose: security reasons},collected_train
247,2288,System presents a list of his messages in the message inbox.,1.0,{decision: allow; subject: system; action: present; resource: list of his messages; purpose: none; condition: none},t2p
248,2290,"Managers can pay and fire ordinary employees, but not those at certain companies or the director.",1.0,{decision: allow; subject: managers; action: pay; resource: ordinary employees; purpose: none; condition: none | decision: allow; subject: managers; action: fire; resource: ordinary employees; purpose: none; condition: none | decision: deny; subject: managers; action: pay; resource: director; purpose: none; condition: none | decision: deny; subject: managers; action: fire; resource: director; purpose: none; condition: none},collected_train
249,2316,Owners can read Name.,1.0,{decision: allow; subject: owner; action: read; resource: name; purpose: none; condition: none},collected
250,2317,The user can select a prescription from the calendar to read the prescription's details .,1.0,{decision: allow; subject: user; action: select; resource: prescription; purpose: read the prescriptions details; condition: none},acre
251,2319,"The patient or personal health representative can see an abbreviated health history of their siblings, parents, and both sets of grandparents for which MIDs are available in iTrust.",1.0,{decision: allow; subject: patient; action: see; resource: health history of their siblings; purpose: none; condition: none | decision: allow; subject: patient; action: see; resource: health history of both sets of grandparents; purpose: none; condition: none | decision: allow; subject: patient; action: see; resource: health history of their parents; purpose: none; condition: none | decision: allow; subject: personal health representative; action: see; resource: health history of their siblings; purpose: none; condition: none | decision: allow; subject: personal health representative; action: see; resource: health history of both sets of grandparents; purpose: none; condition: none | decision: allow; subject: personal health representative; action: see; resource: health history of their parents; purpose: none; condition: none},acre
252,2342,"The patient's assigned MID and a secret key (the initial password) are personally provided to the user, with which the user can reset his or her password.",1.0,{decision: allow; subject: none; action: provide; resource: mid; purpose: user can reset his or her password; condition: none | decision: allow; subject: none; action: provide; resource: secret key; purpose: user can reset his or her password; condition: none},acre
253,2349,An LHCP views the number of submitted weight or pedometer data monitoring reports of his or her patients for the current date.,1.0,{decision: allow; subject: lhcp; action: view; resource: weight monitoring report; purpose: none; condition: none | decision: allow; subject: lhcp; action: view; resource: pedometer data monitoring report; purpose: none; condition: none},acre
254,2351," ""No one is permitted to access confidential documents without proper authorization.""",1.0,{decision: allow; subject: none; action: access; resource: confidential documents; condition: none; purpose: none},collected_train
255,2355,The user's associated filter initially has all empty inputs for the filtering criteria before the user modifies it.,1.0,{decision: allow; subject: user; action: modify; resource: filter; purpose: none; condition: none},acre
256,2364,A user can sort messages in his or her message outbox by the recipient's last name or timestamp (but not both) in either ascending or descending order.,1.0,{decision: allow; subject: user; action: sort; resource: message; purpose: none; condition: none},acre
257,2365,He can report his blood pressure (systolic and diastolic) and glucose levels.,1.0,{decision: allow; subject: he; action: report; resource: blood pressure; purpose: none; condition: none | decision: allow; subject: he; action: report; resource: glucose level; purpose: none; condition: none},t2p
258,2368,System presents a listing of all prescription drugs for which he has been prescribed and has taken in the last 12 months.,1.0,{decision: allow; subject: system; action: present; resource: listing of all prescription drugs; purpose: none; condition: none},t2p
259,2372,All employees are prohibited from accessing sensitive financial data unless authorized by the finance department.,1.0,{decision: allow; subject: employees; action: access; resource: sensitive financial data; condition: unless authorized by the finance department; purpose: none},collected_train
260,2380,The HCP can choose to graph the height or weight of the patient.,1.0,{decision: allow; subject: hcp; action: graph; resource: height; purpose: none; condition: none | decision: allow; subject: hcp; action: graph; resource: weight; purpose: none; condition: none},acre
261,2395,"The patient enters the text of the response message (up to 1000 characters), then clicks the send button.",1.0,{decision: allow; subject: patient; action: enter; resource: text of the response message; purpose: none; condition: none | decision: allow; subject: patient; action: click; resource: send button; purpose: none; condition: none},t2p
262,2396,A user enters their MID and their password to gain role-based entry into iTrust.,1.0,{decision: allow; subject: user; action: enter; resource: mid; purpose: gain role-based entry into itrust; condition: none | decision: allow; subject: user; action: enter; resource: password; purpose: gain role-based entry into itrust; condition: none},t2p
263,2402,"For each selected course offering on the schedule not already marked as “enrolled in”, the system verifies that the Student has the necessary prerequisites, that the course offering is open, and that there are no schedule conflicts.",1.0,{decision: allow; subject: system; action: verify; resource: prerequisite; purpose: none; condition: none | decision: allow; subject: system; action: verify; resource: course offering; purpose: none; condition: none | decision: allow; subject: system; action: verify; resource: schedule conflict; purpose: none; condition: none},ibm
264,2403,A subject cannot approve projects he or she has reviewed or submitted.,1.0,{decision: deny; subject: subject; action: approve; resource: project; purpose: none; condition: none},collected
265,2404,The system shall append 20 more activities to the end of the currently listed activities on the same page.,1.0,{decision: allow; subject: system; action: append; resource: activity; condition: none; purpose: none},t2p
266,2411,"As soon as the full paper deadline has passed, the papers can be assigned to the reviewers.",1.0,{decision: allow; subject: none; action: assign; resource: paper; purpose: none; condition: none},cyber
267,2419,An LHCP sends a message to a patient or representative (no multiple recipients allowed in a single message).,1.0,{decision: allow; subject: lhcp; action: send; resource: message; purpose: none; condition: none},t2p
268,2420,"System presents a listing of all their own diagnoses, sorted by diagnosis date (more recent first).",1.0,{decision: allow; subject: system; action: present; resource: diagnoses; purpose: none; condition: none},t2p
269,2439,"After a message is sent, the patient or personal representative is directed to his message outbox.",1.0,{decision: allow; subject: none; action: direct; resource: patient; purpose: none; condition: message is sent | decision: allow; subject: none; action: direct; resource: personal representative; purpose: none; condition: message is sent},t2p
270,2442,"HCPs can modify or delete the fields of the office visit information (date, hospital, notes, prescriptions, laboratory procedures, diagnoses, procedures, possibly and possibly immunizations).",1.0,{decision: allow; subject: hcp; action: modify; resource: fields of the office visit information; purpose: none; condition: none | decision: allow; subject: hcp; action: delete; resource: fields of the office visit information; purpose: none; condition: none},t2p
271,2444,An HCP chooses to refer a patient to another receiving HCP through the referral feature on a patient's office visit page (UC11).,1.0,{decision: allow; subject: hcp; action: refer; resource: patient; purpose: none; condition: none},acre
272,2469,The user opens his upcoming appointment list.,1.0,{decision: allow; subject: user; action: open; resource: upcoming appointment list; purpose: none; condition: none},t2p